{
  "device": "cpu",
  "n_runs": 20,
  "torch_version": "2.11.0+cu130",
  "results": {
    "Ch.3 Segmentation Losses": {
      "DiceLoss": {
        "mean_ms": 2.140939712524414,
        "std_ms": 2.743673086166382,
        "min_ms": 1.2942626476287842,
        "max_ms": 21.057031631469727,
        "median_ms": 1.90128755569458,
        "peak_mem_mb": -1.0,
        "n_runs": 50
      },
      "FocalLoss": {
        "mean_ms": 1.560097336769104,
        "std_ms": 3.091073751449585,
        "min_ms": 0.8844174146652222,
        "max_ms": 22.953569412231445,
        "median_ms": 1.0846331119537354,
        "peak_mem_mb": -1.0,
        "n_runs": 50
      },
      "TverskyLoss": {
        "mean_ms": 4.765050888061523,
        "std_ms": 8.811178207397461,
        "min_ms": 1.769460678100586,
        "max_ms": 39.54651641845703,
        "median_ms": 2.745717763900757,
        "peak_mem_mb": -1.0,
        "n_runs": 50
      },
      "BoundaryLoss": {
        "mean_ms": 6.104400157928467,
        "std_ms": 8.996588706970215,
        "min_ms": 2.136312484741211,
        "max_ms": 43.28633499145508,
        "median_ms": 3.739658832550049,
        "peak_mem_mb": -1.0,
        "n_runs": 50
      },
      "SobelEdgeLoss": {
        "mean_ms": 7.04099178314209,
        "std_ms": 10.28459358215332,
        "min_ms": 2.7821807861328125,
        "max_ms": 43.89337921142578,
        "median_ms": 4.075516223907471,
        "peak_mem_mb": -1.0,
        "n_runs": 50
      },
      "MultiScaleCELoss": {
        "mean_ms": 2.2348673343658447,
        "std_ms": 0.8508812189102173,
        "min_ms": 1.9574165344238281,
        "max_ms": 8.11751937866211,
        "median_ms": 2.121891736984253,
        "peak_mem_mb": -1.0,
        "n_runs": 50
      },
      "ComboSegLoss": {
        "mean_ms": 12.345418930053711,
        "std_ms": 12.445882797241211,
        "min_ms": 5.572512626647949,
        "max_ms": 48.065208435058594,
        "median_ms": 8.013524055480957,
        "peak_mem_mb": -1.0,
        "n_runs": 50
      }
    },
    "Ch.4 NeRF Losses": {
      "PhotoLoss(L1)": {
        "mean_ms": 0.07204494625329971,
        "std_ms": 0.009739159606397152,
        "min_ms": 0.06611272692680359,
        "max_ms": 0.10331347584724426,
        "median_ms": 0.0677742063999176,
        "peak_mem_mb": -1.0,
        "n_runs": 50
      },
      "PhotoLoss(MSE)": {
        "mean_ms": 0.05188412591814995,
        "std_ms": 0.006657990161329508,
        "min_ms": 0.04780665040016174,
        "max_ms": 0.0759512186050415,
        "median_ms": 0.04922598600387573,
        "peak_mem_mb": -1.0,
        "n_runs": 50
      },
      "DensityLoss": {
        "mean_ms": 0.021434202790260315,
        "std_ms": 0.0022828364744782448,
        "min_ms": 0.020369887351989746,
        "max_ms": 0.03654882311820984,
        "median_ms": 0.02088025212287903,
        "peak_mem_mb": -1.0,
        "n_runs": 50
      },
      "TotalVariationLoss": {
        "mean_ms": 0.13815589249134064,
        "std_ms": 0.011142902076244354,
        "min_ms": 0.1307353377342224,
        "max_ms": 0.18695741891860962,
        "median_ms": 0.13398751616477966,
        "peak_mem_mb": -1.0,
        "n_runs": 50
      },
      "DepthConsistency": {
        "mean_ms": 0.06740167737007141,
        "std_ms": 0.004074371885508299,
        "min_ms": 0.0650547444820404,
        "max_ms": 0.0825151801109314,
        "median_ms": 0.06606802344322205,
        "peak_mem_mb": -1.0,
        "n_runs": 50
      },
      "NeRFRegLoss": {
        "mean_ms": 0.28627145290374756,
        "std_ms": 0.01524444855749607,
        "min_ms": 0.27056410908699036,
        "max_ms": 0.3388114273548126,
        "median_ms": 0.2811923623085022,
        "peak_mem_mb": -1.0,
        "n_runs": 50
      }
    },
    "Ch.5 Pose Losses": {
      "TranslationLoss": {
        "mean_ms": 0.014945716597139835,
        "std_ms": 0.0036712412256747484,
        "min_ms": 0.012911856174468994,
        "max_ms": 0.027298927307128906,
        "median_ms": 0.013496726751327515,
        "peak_mem_mb": -1.0,
        "n_runs": 50
      },
      "GeodesicLoss": {
        "mean_ms": 0.0497688390314579,
        "std_ms": 0.013020756654441357,
        "min_ms": 0.038839876651763916,
        "max_ms": 0.093899667263031,
        "median_ms": 0.045321881771087646,
        "peak_mem_mb": -1.0,
        "n_runs": 50
      },
      "ChordalLoss": {
        "mean_ms": 0.01778930425643921,
        "std_ms": 0.0055900816805660725,
        "min_ms": 0.015351921319961548,
        "max_ms": 0.043448060750961304,
        "median_ms": 0.015750527381896973,
        "peak_mem_mb": -1.0,
        "n_runs": 50
      },
      "QuaternionLoss": {
        "mean_ms": 0.060253072530031204,
        "std_ms": 0.01245009433478117,
        "min_ms": 0.0476054847240448,
        "max_ms": 0.0868476927280426,
        "median_ms": 0.056274235248565674,
        "peak_mem_mb": -1.0,
        "n_runs": 50
      },
      "Rotation6DLoss": {
        "mean_ms": 0.19449493288993835,
        "std_ms": 0.01987498067319393,
        "min_ms": 0.1598149538040161,
        "max_ms": 0.22862479090690613,
        "median_ms": 0.19361451268196106,
        "peak_mem_mb": -1.0,
        "n_runs": 50
      },
      "AnglePenaltyLoss": {
        "mean_ms": 0.07180205732584,
        "std_ms": 0.017937099561095238,
        "min_ms": 0.05579739809036255,
        "max_ms": 0.1253969967365265,
        "median_ms": 0.062115490436553955,
        "peak_mem_mb": -1.0,
        "n_runs": 50
      },
      "VFMRegPoseLoss": {
        "mean_ms": 0.4608936309814453,
        "std_ms": 0.023709768429398537,
        "min_ms": 0.40441006422042847,
        "max_ms": 0.4994496703147888,
        "median_ms": 0.4610083997249603,
        "peak_mem_mb": -1.0,
        "n_runs": 50
      }
    },
    "Ch.5 Render Losses": {
      "DifferentiableIoULoss": {
        "mean_ms": 0.15021629631519318,
        "std_ms": 0.01692756451666355,
        "min_ms": 0.1306086778640747,
        "max_ms": 0.19834190607070923,
        "median_ms": 0.14516711235046387,
        "peak_mem_mb": -1.0,
        "n_runs": 50
      },
      "SilhouetteL1Loss": {
        "mean_ms": 0.058656930923461914,
        "std_ms": 0.010528283193707466,
        "min_ms": 0.048276036977767944,
        "max_ms": 0.0891759991645813,
        "median_ms": 0.05278736352920532,
        "peak_mem_mb": -1.0,
        "n_runs": 50
      },
      "MaskedRGBLoss": {
        "mean_ms": 0.10526537150144577,
        "std_ms": 0.017165260389447212,
        "min_ms": 0.08803978562355042,
        "max_ms": 0.1775696873664856,
        "median_ms": 0.1028701663017273,
        "peak_mem_mb": -1.0,
        "n_runs": 50
      },
      "MultiViewConsistency": {
        "mean_ms": 0.03838680684566498,
        "std_ms": 0.006943126209080219,
        "min_ms": 0.03249943256378174,
        "max_ms": 0.05529820919036865,
        "median_ms": 0.03448501229286194,
        "peak_mem_mb": -1.0,
        "n_runs": 50
      },
      "VFMRegRenderLoss": {
        "mean_ms": 0.35841140151023865,
        "std_ms": 0.02049064449965954,
        "min_ms": 0.32605603337287903,
        "max_ms": 0.4099942743778229,
        "median_ms": 0.35555288195610046,
        "peak_mem_mb": -1.0,
        "n_runs": 50
      }
    }
  }
}